INSERT INTO client (ID, NAME, NUMBER_PHONE, EMAIL, PASSPORT_NUMBER) VALUES
('cae61a47-89a5-4923-9636-023c7be0d74b','Михаил Васильевич Ломоносов','+76056487207', 'lomonosov@gmail.com', '5432 324563'),
('249fdaae-1e24-11ec-9621-0242ac130002','Гавриил Романович Державин','+71721350565', 'derzhavin@gmail.com', '4324 186467'),
('8fa6d0c3-6c1b-49b2-b754-b997813cbb71','Александр Николаевич Радищев','+73482193799', 'radishev@gmail.com', '1236 695432'),
('db31754e-1e23-11ec-9621-0242ac130002','Иван Андреевич Крылов','+75747629922', 'krilov@gmail.com', '9845 753169'),
('f879692c-1e23-11ec-9621-0242ac130002','Василий Андреевич Жуковский','+75772058647', 'jukovski@gmail.com', '2864 786512'),
('12862958-87fd-4997-88fc-300707e97c65','Александр Степанович Попов','+79845669772', 'popov_alex@yandex.com', '7852 653248'),
('c43f89be-8745-49b5-8cb6-71cd6ad61850','Александр Николаевич Лодыгин','+75345123764', 'lodigin_1847@mail.com', '3246 985642'),
('a13fb325-d95b-42cc-8fb2-8096a6a5bc55','Абрам Фёдорович Иоффе','+79849995232', 'ioffe_abram123@gmail.com', '6984 564823'),
('4952a1f4-b531-4638-bb87-28ed5b357bbf','Борис Викторович Раушенбах','+793256534342', 'boris_raushenbah@mail.com', '7895 654321'),
('99bae607-c5be-448f-ab3b-f0a3283ffba9','Вернер Карл Гейзенберг','+79832369412', 'gayzenberg_verner@yandex.com', '9845 456895');
INSERT INTO BANK (ID, NAME) VALUES
('453f4c12-6551-4fcf-8539-119ac882f4ee', 'Железный банк'),
('581f4c12-6551-4asf-8539-132ac882f4ee','Кибер банк'),
('ad78267b-0566-4dc4-83eb-148335084181', 'Веб банк'),
('31415c07-3db3-4466-b9c1-1b972b0f9bf8', 'Биг банк'),
('df3cdad7-3c96-4326-8805-96cc51cf15f8', 'Ва банк');
INSERT INTO CREDIT (ID, CREDIT_LIMIT, PERCENT_RATE, BANK_ID) VALUES
('ed6645cc-4859-407f-8884-2a6c72187344', 1000000, 12, '453f4c12-6551-4fcf-8539-119ac882f4ee'),
('9c3562a7-5cab-477f-9fae-ec42b9635baf', 5000000, 13.5, '453f4c12-6551-4fcf-8539-119ac882f4ee'),
('402881e67c2d4190017c2d41c9ed0000', 10000000, 15, '453f4c12-6551-4fcf-8539-119ac882f4ee'),
('80cfb653-4f2e-498d-82e9-b58597560b4b', 1500000, 10, '581f4c12-6551-4asf-8539-132ac882f4ee'),
('ce7dcca2-1f7e-49d6-b11b-ed7d943d0878', 3000000, 12.5, '581f4c12-6551-4asf-8539-132ac882f4ee'),
('c5949674-fe8c-4a75-9992-ea104852b8e3', 10000000, 15, '581f4c12-6551-4asf-8539-132ac882f4ee'),
('7c1e30f2-f461-4ea0-9009-09b8a9cf093f', 1000000, 11, 'ad78267b-0566-4dc4-83eb-148335084181'),
('2e74331d-73a1-4463-9918-641045a6d6fd', 4000000, 12.5, 'ad78267b-0566-4dc4-83eb-148335084181'),
('df86a3b7-077e-44ca-9940-c0f0c02aa284', 10000000, 14.5, 'ad78267b-0566-4dc4-83eb-148335084181'),
('52b8becf-83e2-467b-a086-247d309a86b9', 1000000, 8, '31415c07-3db3-4466-b9c1-1b972b0f9bf8'),
('b06c5d22-1d3a-4c24-b791-8e0c654ce3b3', 2000000, 10.5, '31415c07-3db3-4466-b9c1-1b972b0f9bf8'),
('5b05670c-e484-4b00-9961-4ff87a7bd0af', 6000000, 13, '31415c07-3db3-4466-b9c1-1b972b0f9bf8'),
('2fb0d389-4dc7-40dc-a6e3-d2077d22a008', 2000000, 9.5, 'df3cdad7-3c96-4326-8805-96cc51cf15f8'),
('1174ba5e-5956-48a4-8d95-e883597f33b5', 4000000, 11.5, 'df3cdad7-3c96-4326-8805-96cc51cf15f8'),
('4f2f88a6-650d-4053-b0c0-78777e3a6816', 10000000, 15, 'df3cdad7-3c96-4326-8805-96cc51cf15f8');
INSERT INTO BANK_TO_CLIENT (BANK_ID, CLIENT_ID) values
('453f4c12-6551-4fcf-8539-119ac882f4ee', 'cae61a47-89a5-4923-9636-023c7be0d74b'),
('453f4c12-6551-4fcf-8539-119ac882f4ee','249fdaae-1e24-11ec-9621-0242ac130002'),
('453f4c12-6551-4fcf-8539-119ac882f4ee', '8fa6d0c3-6c1b-49b2-b754-b997813cbb71'),
('453f4c12-6551-4fcf-8539-119ac882f4ee', 'db31754e-1e23-11ec-9621-0242ac130002'),
('453f4c12-6551-4fcf-8539-119ac882f4ee', 'f879692c-1e23-11ec-9621-0242ac130002'),
('453f4c12-6551-4fcf-8539-119ac882f4ee', '12862958-87fd-4997-88fc-300707e97c65'),
('453f4c12-6551-4fcf-8539-119ac882f4ee', 'c43f89be-8745-49b5-8cb6-71cd6ad61850'),
('453f4c12-6551-4fcf-8539-119ac882f4ee', 'a13fb325-d95b-42cc-8fb2-8096a6a5bc55'),
('453f4c12-6551-4fcf-8539-119ac882f4ee', '4952a1f4-b531-4638-bb87-28ed5b357bbf'),
('453f4c12-6551-4fcf-8539-119ac882f4ee', '99bae607-c5be-448f-ab3b-f0a3283ffba9'),
('581f4c12-6551-4asf-8539-132ac882f4ee', 'cae61a47-89a5-4923-9636-023c7be0d74b'),
('581f4c12-6551-4asf-8539-132ac882f4ee','249fdaae-1e24-11ec-9621-0242ac130002'),
('581f4c12-6551-4asf-8539-132ac882f4ee', '8fa6d0c3-6c1b-49b2-b754-b997813cbb71'),
('581f4c12-6551-4asf-8539-132ac882f4ee', 'db31754e-1e23-11ec-9621-0242ac130002'),
('581f4c12-6551-4asf-8539-132ac882f4ee', 'f879692c-1e23-11ec-9621-0242ac130002'),
('581f4c12-6551-4asf-8539-132ac882f4ee', '12862958-87fd-4997-88fc-300707e97c65'),
('581f4c12-6551-4asf-8539-132ac882f4ee', 'c43f89be-8745-49b5-8cb6-71cd6ad61850'),
('581f4c12-6551-4asf-8539-132ac882f4ee', 'a13fb325-d95b-42cc-8fb2-8096a6a5bc55'),
('581f4c12-6551-4asf-8539-132ac882f4ee', '4952a1f4-b531-4638-bb87-28ed5b357bbf'),
('581f4c12-6551-4asf-8539-132ac882f4ee', '99bae607-c5be-448f-ab3b-f0a3283ffba9'),
('ad78267b-0566-4dc4-83eb-148335084181', 'f879692c-1e23-11ec-9621-0242ac130002'),
('ad78267b-0566-4dc4-83eb-148335084181', '12862958-87fd-4997-88fc-300707e97c65'),
('ad78267b-0566-4dc4-83eb-148335084181', 'c43f89be-8745-49b5-8cb6-71cd6ad61850'),
('ad78267b-0566-4dc4-83eb-148335084181', 'a13fb325-d95b-42cc-8fb2-8096a6a5bc55'),
('31415c07-3db3-4466-b9c1-1b972b0f9bf8', 'f879692c-1e23-11ec-9621-0242ac130002'),
('31415c07-3db3-4466-b9c1-1b972b0f9bf8', '12862958-87fd-4997-88fc-300707e97c65'),
('31415c07-3db3-4466-b9c1-1b972b0f9bf8', 'c43f89be-8745-49b5-8cb6-71cd6ad61850'),
('31415c07-3db3-4466-b9c1-1b972b0f9bf8', 'a13fb325-d95b-42cc-8fb2-8096a6a5bc55'),
('31415c07-3db3-4466-b9c1-1b972b0f9bf8', '4952a1f4-b531-4638-bb87-28ed5b357bbf'),
('31415c07-3db3-4466-b9c1-1b972b0f9bf8', '99bae607-c5be-448f-ab3b-f0a3283ffba9'),
('df3cdad7-3c96-4326-8805-96cc51cf15f8', 'cae61a47-89a5-4923-9636-023c7be0d74b'),
('df3cdad7-3c96-4326-8805-96cc51cf15f8','249fdaae-1e24-11ec-9621-0242ac130002'),
('df3cdad7-3c96-4326-8805-96cc51cf15f8', '8fa6d0c3-6c1b-49b2-b754-b997813cbb71'),
('df3cdad7-3c96-4326-8805-96cc51cf15f8', 'db31754e-1e23-11ec-9621-0242ac130002'),
('df3cdad7-3c96-4326-8805-96cc51cf15f8', 'f879692c-1e23-11ec-9621-0242ac130002');
